Year,Value
2015,0.15514
2016,0.15208
2017,0.14696
2018,0.1501
2019,0.14536
2020,0.15884
2021,0.18768
2022,
2023,
