{"Year":[2015,2016,2017,2018,2019,2020,2021,2022,2023,2015,2016,2017,2018,2019,2020,2021,2022,2023,2015,2016,2017,2018,2019,2020,2021,2022,2023],"\u041c\u0456\u0441\u0446\u0435\u0432\u0456\u0441\u0442\u044c \u043f\u0440\u043e\u0436\u0438\u0432\u0430\u043d\u043d\u044f":[null,null,null,null,null,null,null,null,null,"\u043c\u0456\u0441\u044c\u043a\u0430","\u043c\u0456\u0441\u044c\u043a\u0430","\u043c\u0456\u0441\u044c\u043a\u0430","\u043c\u0456\u0441\u044c\u043a\u0430","\u043c\u0456\u0441\u044c\u043a\u0430","\u043c\u0456\u0441\u044c\u043a\u0430","\u043c\u0456\u0441\u044c\u043a\u0430","\u043c\u0456\u0441\u044c\u043a\u0430","\u043c\u0456\u0441\u044c\u043a\u0430","\u0441\u0456\u043b\u044c\u0441\u044c\u043a\u0430","\u0441\u0456\u043b\u044c\u0441\u044c\u043a\u0430","\u0441\u0456\u043b\u044c\u0441\u044c\u043a\u0430","\u0441\u0456\u043b\u044c\u0441\u044c\u043a\u0430","\u0441\u0456\u043b\u044c\u0441\u044c\u043a\u0430","\u0441\u0456\u043b\u044c\u0441\u044c\u043a\u0430","\u0441\u0456\u043b\u044c\u0441\u044c\u043a\u0430","\u0441\u0456\u043b\u044c\u0441\u044c\u043a\u0430","\u0441\u0456\u043b\u044c\u0441\u044c\u043a\u0430"],"Value":[0.15514,0.15208,0.14696,0.1501,0.14536,0.15884,0.18768,null,null,0.14609,0.14434,0.13851,0.14246,0.13759,0.15197,0.18502,null,null,0.17505,0.16898,0.16553,0.1667,0.16219,0.17388,0.19376,null,null]}