Year,Місцевість проживання,Value
2015,,0.15514
2016,,0.15208
2017,,0.14696
2018,,0.1501
2019,,0.14536
2020,,0.15884
2021,,0.18768
2022,,
2023,,
2015,міська,0.14609
2016,міська,0.14434
2017,міська,0.13851
2018,міська,0.14246
2019,міська,0.13759
2020,міська,0.15197
2021,міська,0.18502
2022,міська,
2023,міська,
2015,сільська,0.17505
2016,сільська,0.16898
2017,сільська,0.16553
2018,сільська,0.1667
2019,сільська,0.16219
2020,сільська,0.17388
2021,сільська,0.19376
2022,сільська,
2023,сільська,
