{"data":{"Year":[2015,2016,2017,2018,2019,2020,2021,2022,2023,2015,2016,2017,2018,2019,2020,2021,2022,2023,2015,2016,2017,2018,2019,2020,2021,2022,2023],"\u041c\u0456\u0441\u0446\u0435\u0432\u0456\u0441\u0442\u044c \u043f\u0440\u043e\u0436\u0438\u0432\u0430\u043d\u043d\u044f":[null,null,null,null,null,null,null,null,null,"\u043c\u0456\u0441\u044c\u043a\u0430","\u043c\u0456\u0441\u044c\u043a\u0430","\u043c\u0456\u0441\u044c\u043a\u0430","\u043c\u0456\u0441\u044c\u043a\u0430","\u043c\u0456\u0441\u044c\u043a\u0430","\u043c\u0456\u0441\u044c\u043a\u0430","\u043c\u0456\u0441\u044c\u043a\u0430","\u043c\u0456\u0441\u044c\u043a\u0430","\u043c\u0456\u0441\u044c\u043a\u0430","\u0441\u0456\u043b\u044c\u0441\u044c\u043a\u0430","\u0441\u0456\u043b\u044c\u0441\u044c\u043a\u0430","\u0441\u0456\u043b\u044c\u0441\u044c\u043a\u0430","\u0441\u0456\u043b\u044c\u0441\u044c\u043a\u0430","\u0441\u0456\u043b\u044c\u0441\u044c\u043a\u0430","\u0441\u0456\u043b\u044c\u0441\u044c\u043a\u0430","\u0441\u0456\u043b\u044c\u0441\u044c\u043a\u0430","\u0441\u0456\u043b\u044c\u0441\u044c\u043a\u0430","\u0441\u0456\u043b\u044c\u0441\u044c\u043a\u0430"],"Value":[0.38943,0.38364,0.37535,0.38675,0.38088,0.39129,0.41511,null,null,0.3664,0.363,0.35352,0.36695,0.36066,0.37532,0.40832,null,null,0.43103,0.42088,0.41449,0.4223,0.41688,0.42021,0.42796,null,null]},"edges":[]}