Year,Місцевість проживання,Value
2015,,0.38943
2016,,0.38364
2017,,0.37535
2018,,0.38675
2019,,0.38088
2020,,0.39129
2021,,0.41511
2022,,
2023,,
2015,міська,0.3664
2016,міська,0.363
2017,міська,0.35352
2018,міська,0.36695
2019,міська,0.36066
2020,міська,0.37532
2021,міська,0.40832
2022,міська,
2023,міська,
2015,сільська,0.43103
2016,сільська,0.42088
2017,сільська,0.41449
2018,сільська,0.4223
2019,сільська,0.41688
2020,сільська,0.42021
2021,сільська,0.42796
2022,сільська,
2023,сільська,
